Teks,label
"Saya blm dpt ttd nama1. Paling kalian duluan aja, saya nyusul sendiri nanti.",normal
MURAH! Hanya Rp25rb dptkan 2GB paket internetan utk 30hr. Kini internetan jadi semakin seru! Aktifkan segera di *550*904# promo s/d 29Feb16,promo
Tersrrah aja. Pagi juga nggak pa2,normal
Pilihannya hemat 2 jt atau lulus oct kan nanggung,normal
"ini nomor baru papa, tolong kirimin pulsa 50.000 ke nomor baru papa 085687329010. Papa lagi di kantor polisi, ada masalah. Jangan telepon Papa.",penipuan
kamu sibuk ngapain aja disana ?,normal
4.5GB/30 hari hanya Rp 55 Ribu Spesial buat anda yang terpilih. Aktifkan sekarang juga di *550*907# Buruan..! SKB,promo
Nanti aku siaraan diil,normal
"aku delete aja ya, ntar nama1 pull dulu atau sync dulu, ntar masukin yang nama1 , baru push.",normal
Selamat Anda telah mendapatkan BONUS pulsa Rp 100.000 ke sesama Indosat Ooredoo berlaku 3 hari dan Poin senyum Anda bertambah. Cek bonus *557*8#,promo
"SLMT!-No Anda M-dpt 1-unit Mobil all New AVANZA,Dari TELKOMSELpoin PIN_pmenan anda b89c7h9)U/info Lengkap kunjungi: www.telkomselpoin-777.pusku.com",penipuan
"Yuk temen belanja di google play, mudah banget loh, pakai pulsa juga bisa, http://tsel.me/jajanonline",promo
nama1 seharusnya cuman nambah table daftar_ulang_ird + kalau ada masternya. Yg lain kita samain aja ya pake yg aku data_pasien (2).sql,normal
Aku senin udah ke tempat kerja. Minggu2 depan aku gaktau bisa/ngga :(,normal
"Permintaan Anda sedang diproses. Beberapa saat lagi Paket Internet anda akan di non-aktifkan, dan akan berlaku tariff dasar internet.",normal
"Soalnya aku pernah ujug2 dtng, terus bapak nya bilang kalau mau bimbingan bls wa ya, biar saya bisa estimasi waktu, gitu",normal
"Isi saldo nya bisa di grapari, indomaret, ato di tf dari bca",normal
Terima kasih atas konfirmasinya. Orderan sedang kami proses.,normal
Hmm sebenernya itu cuman eksekusi jquery di control sep. Coba cek jquery yg dicotroller waktu klik button. Kan ke controller yg buat nyetak pdf,normal
kamu kapan ke bandungg??,normal
"cari yang seken, murah meriah kualiatasnya masih bagus kok",normal
"INFO PT.M-KIOS hsil pengundian berkat isi pulsa, Selamat No.HP 0852952xxxxx m-dpt Hadiah PIN Pemenang anda 94ad653 Info klik www.berkat-isiulang-pulsa.webs.com",penipuan
plg yth no. Anda terpilih menang cek Rp.100jt dr PT.TELKOMSEL HUT TELKOMSEL Ke-17 thn 2012 hub call center:085313311113,penipuan
Mau Uang Tunai 1jt?Ayo gabung layanan Video Cliponyu & Keluarkan jurus gombal-mu yg paling dahsyat utk host2 cantik Cliponyu. Ketik CLIP ke 99900.CS:02129657333,penipuan
pesan resmi DARI PT.PLANET 3CARD anda mendapatkan hadiah CEK TUNAI Senilai Rp.100jt jatuh ke pemenang (3) kode PIN:bg58757 silahkan CEK di: www.planet-3care2016.blogspot.com.,penipuan
"Pas dia ngomong gtu km langsung diem ya nuy, kikuk gtu pasti diomongin kek gtu",normal
"De inih bapa pake no temen, tolong kirimin pulsa ke no inih soalnya penring banget, nanti di rumah digantiin",penipuan
"Tolong uangnya di transfer aja kesini MANDIRI a/n RAHMAD ADRIAN No rek: 1340-0065-58125 sms aja kalo sdh dikirim, trims",penipuan
ANDA MAU MENANG TOGEL 100% Tembus pasang shio 7 tunggal angka 07.31.19.43....ingat maharnya pulsa 100rb dikirim ke no 0823...xxx khusus putaran SGP SENIN,penipuan
"Selamat, Anda telah membeli Paket Combo Kenyang  Internet As. Cek bonus di *889#.",promo
Anda mendapatkan 1 kupon dalam program Kartu As BIBER (Beli Internet Berhadiah). Cek total kupon maksimal 1x24 jam dari skrg di *100*123#. Info lengkap hub:188,promo
"Terima kasih telah menjadi pelanggan setia Indosatooredoo. Download Video + BONUS GRATIS Nelpon 60 Menit, hubungi *900*8#",promo
"‚ÄúROXI CELL‚Äù Hanya dengan Rp.100rb Anda bisa jadi agen pulsa elektrik ke semua Operator GSM/CDMA,v5=4300,v10=8300,Utk daftar ketik MTRONIK kirim ke 087870870707",penipuan
Mba mau kirim 300 ya,normal
Kalau 13.5 itu untuk ayam kremes dan cabai ijo teh...kalau untuk bakar dan rica rica kita kasih 15rb deh   ...sudah pakai box dan air gelas,normal
Makasih gais doakan kami yg masih berjuang ya üí™,normal
km dari BANK BRI Sdh tlp tdk bs jd km SMS No.PIN Pemenang anda KG65H8K9 M-dpt HADIAH dari Untung Bliung BritAma Info klik www.HadiahkejutangBri.blogspot.com,penipuan
"Ada nama1 . Tpi gatau msh berfungsi atau engga, udh lama ga dipake sih",normal
"Maaf saya Bu Nur, tanah yang di tanjung api-api saya sudah lihat dan sudah cocok, untuk masalah harga tolong hubungi suami saya aja, pak H.SULAIMAN di no hp. 08xxxxxx, karena kebetulan saya ada acara.Tks",penipuan
Terlepas dr pelaku2 nya. Ambil dr sisi guru nya. Menarik bgt.,normal
"Yang lain penuh batasan,kami beri kebebasa n. DOUBLE KUOTA BONUS 10GB(4G), UNLIMITED Nelp&SMS, Musik streaming gak pakai Kuota!cuma dg FREEDOM COMBO. Daftar*123#",promo
"Pesanan #342877938 - mohon transfer Rp.59,755 ke BNI Account ####  sebelum 24 Jun, 2016. Mohon periksa email anda untuk info lebih lanjut.",normal
Teh maaf kalau teteh sibuk gpp nanti bayar besok aja pas pengiriman,normal
"Selamat! Anda berhak membeli PAKET PAS untuk Nelpon, SMS, Internetan, Video, dan NSP. Pilih paketnya MULAI Rp500 di *100*999#, hanya berlaku HARI INI! Info: 188",promo
Cara panggil na localhost/SistemRumahSakit/gerbang/rawatdarurat,normal
Maaf kaprodi kita itu siapa yah hehe,normal
"berkah 1000 poin"" Nomor Anda mndpt Hadiah ke-I Pin d377hi8, silahkan verifikasi Pin Pemenang di situs resmi www.berkah1000poin.wix.com/prize",penipuan
Besok mau ke kampus lagi ga?,normal
PT. GARSINDO Cari agen jual pulsa M-kios All Operator transaksi 24 jam dgn harga ; V5 = 4500 V10=8500 V20= 18000 U/Gabung kirim ke :085318655616,penipuan
"Ibunya lagi bobok, aku mau nanya ttg daging, kalo ada daging mau di presto dulu juga",normal
Pangmeulikeun heula pulsa bpa anu simpati 20ribu we ke digantian ku bpa ieu nomor na nya 081356256931,penipuan
"boleh install sendiri, nanti juga saya bawa installernya.",normal
"Sayang belikn aq pulsa di nmr ini, 085215126428, nanti aq yg telp km, ini aq pake hp tmn, skrg yacc!",penipuan
Selamat !!! Anda mndptkan cek tunai Rp.27jt dr PT.Bank Rakyat Indonesia pin anda:ijh76k79 u/info klik www.bri-untungbeliung.blogspot.com atau hub:021-3677-1839,penipuan
"supaya kita bisa mulai cepat, tolong posisi duduknya diatur dari awal, diberi jarak satu kolom kosong selang seling.",normal
"sok saya bebas gmna kalian, bsok hayu , jumat oke",normal
nama1 mau pergi ga? Kalo engga aku mau ke kosan,normal
Gais bsk kke kantor ya nyerahin laporan aku udh dpt ttd paedi. Ini mau hard jilid. Jgn lupa ya source sama laporan di cd,normal
Wihh nyimper kopernya dmn? Motor gigi kan?,normal
INFO RESMI kepada bpk/ibu yang terhormat SELAMAT No ANDA Pemenang ke 2dari pesta isi ulang 3care No PIN:25e477r di undi tadi malam pkl 22:30 di SCTV U/info hadiah anda klik Www.3care16.blogspot.com,penipuan
Selamat Paket 50 SMS ke semua operator Anda telah aktif. Cek kuota di *888#,promo
Jangan gitu kang.. Aku tersinggung.,normal
Pesan resmi dari 3care Bahwa saya mendapatkan undian ketiga uang tunai 100juta.www.tri-indonesia2016.blogspot.com,penipuan
"Info Gempa Mag:5.3 SR, 21-Jun-16 21:10:23 WIB, Lok:2.21 LS,99.33 BT (98 km Tenggara KEP-MENTAWAI-SUMBAR), Kedlmn:34 Km ::BMKG",normal
Nak ini ayah. Tolong kirimin ayah uang 500rb ke no rek 0385-0100-7302-504 a/n Yanti. Ayah lg dikantor polisi ngurus surat tilang. Mks,penipuan
nama1 .. Saya masih di perjalanan.. Besok aja habis jumatan ketemu di kanto.. Web service nya juga sudah bisa di akses,normal
"Perginya naik kelapa turun di pasar bunga wastukencana, terus naik caringin-sadang serang atau jalan",normal
Awal bulan saat nya anda eksis lebih lama! Internetan pake volume ultima 900MB/30hr. Hrga mulai Rp 35rb di *100*471#. Tarif&lokasi cek di tsel.me/FL,promo
"Sudah pak di email, saya cantumkan direct link juga diemail kalo misalkan file google drive tidak bisa di download",normal
Kurang tau pasti sep periksa controllernya waktu instansiasi new tcpdf() aku lupa,normal
Hari ini!! BRONET Special 4GB (2GB 24Jam+2GB 00-06) 60hr Rp24900 dan BRONET 24Jam 1GB 60hr Rp10900. AYO SEGERA aktifkan paket kamu di *123*888#. Info838 LD309,promo
"Ass, mengenai rumah dan tanah yg kemarin, sy sdah survei, sy mrasa cocok, untuk nego harga hubungi atau sms suami saya, pak. haji. dermawan; 085796022225.",penipuan
Besok yuk dua jam bih dari jam 4-6,normal
"Jangan dikejar diskon berlari, beli RAWIT diskon datang sendiri.AYO isi ulang kartu AXIS kamu sekarang,dan pastikan besok ikutan promo Rabu RAWIT.Info838.LD279",promo
"PROMO: Beli paket Flash mulai 3,5GB di My Telkomsel App dpt extra paket 1GB midnight (00-09). Buruan, promo terbatas! S&K",promo
Dmana aja kang boleh hehe,normal
Selamat TCASH TAP Anda telah aktif dengan SN: 100011398478 tgl. 21/08/2016 12:36:10 Info *800#,normal
Surat keputusan PT.TRI.3 SimCard anda Resmi M-dptakan Hadiah HONDA JAZZ Rs Pin Undian: 477BFG7S. Info Hub: 089667794299 KLIK : www.gebyar-tricare.com,penipuan
FREE DoubleScoop Ice Cream / Disc 10% di Haagen-Dasz dengan TCASH TAP! S&K berlaku. Info tsel.me/tappromo,promo
"ma, isi dl pulsa 20 rb di nmr ini 085337784732",penipuan
Sayang sekali kamu kalah cepat. Tapi jangan khawatir! Ayo coba lagi di sesi berikutnya! * Pastikan kamu membaca pesan dari LINE Indonesia untuk mendapatkan info mengenai waktu dan hadiah pada event sesi berikutnya,penipuan
Padahal mau kesana tapi kyknya nama1 belum balik,normal
"PUAS Internetan, Chatting, Facebook dan nonton Video selama 30 hari hingga 1.5 GB Cuma Rp 30ribu. Beli paket di *100*1#",promo
"Pinjaman s/d 1 miliard jaminan bpkb mobil/truck min th 1998. Bunga 0,8%. Syarat mudah. Proses1hari ¬†PT. Bunas Finance Tbk (cover all wilayah) ANDI 081330134449",penipuan
oke. bentar aku solat dulu,normal
"Nanti kalau mau transfer, tipon dulu di no baru saya ini. 085624347737 soalnya ada perubahan no rekening. terima kasih",penipuan
Terimakasih. Paket 60 mb Anda telah aktif. Cek bonus *889#. Katalog Poin lengkap tsel.me/telkomselpoin. S&K berlaku,normal
"INFO:jk anda mau jual Rmh,tanah,mobil,produk/jasa dll PROMOSIKAN sj dg SMS MASSAL biasa hny Rp. 50.000untuk sebar ke10.000 no HP(2jam) hub: 0877399155579 jogja",penipuan
Bisi ga enak ga bantuin beberes ato masak2nya :(,normal
"toko bursa cuci gudang diskon 60% BB DAKOTA ; 2,3 JT, TOCH ; 1,6 JT, GEMINI ; 1 JT, LAPTOP INFO : 085322222369 PIN BB : 2A6FB800E www.shopinbursabb.blogspot.com",penipuan
"Di transfer saja Uang'nya ke rekening BNI ini, a/n. ISMAWATI. Rek: 0248147033. SMS saja klo sdh kirim.",penipuan
Setting ponsel akan segera dikirimkan. Masukkan PIN: 1111 jika diminta. Terimakasih,normal
"INFO RESMI PT.INDOFOOD No.Anda t'dftr pemenang UNDIAN POP MIE edisi 2013 Mndptkn 1unit ""NISSAN JUKE"" PIN;a1c5h79 info,kunjungi;www.popmieget.webs.com",penipuan
AngpaoPoinSenyum! Dptkan Vchr Lottemart 50rb dg tukar 2500poin (normal 5000poin) sd 11Feb16. Ketik *123*7887*2*5# TERBATAS! Info: www.indosatooredoo.com/angpao,promo
"RESMI dari indosat NO anda 0815XXXXXXX terpilih sebagai pemenang poin plus-plus PIN Pemenang Anda (b89c7h9) u/info klik www.semarak-poinplusplus-2013.webs.com"" (sms ini dikirim dari no 085798428715)",penipuan
"Pak, MK yang nama1 kontrak Data Mining dgn kode IK566 bukan dwm, seperti yg bapak sampaikan dulu agar mengingatkan bapak ketika penginputan nilai, terimakasih.",normal
Ada yg tau ruangan pak daya yg di fpmipa b?,normal
Gpp kali beda beda sep,normal
"Mamah pangmeserkeun heula pulsa As, 20 rb,kana nomor ieu, 085347398779 tong nelpon nuju riiweh ayeuna penting!",penipuan
Besok siang ya jam 2,normal
Anda akan mengaktifkan Paket BBM Gratis berlaku 30 hari dari pertama kali aktivasi. Ketik FLASH (spasi) YA untuk melanjutkan,promo
Aku di pt. DI,normal
"Uangnya dikirim aja ke Rekening ini, BankBNI a/n SAFITRI ¬†No.Rekening 0282566132",penipuan
Jam brp brpnya bsk kabarin kalau ngumpul sore ini bisa yaaaa,normal
Blm aku cek min mau apa? Kalau penting bgt nanti aku gedorin,normal
Download dan rasakan serunya game-game premium pilihan hanya di *900#,promo
"Tolong uangnya Di transfer sekarang aja ke bank BNI: 022-741-3681. A/n FRISKA ANANDA, sms kalau sudah di Transfer, trimksi... - See more at: http://metropolitan.inilah.com/read/detail/1777965/awas-modus-penipuan-sms-model-baru#sthash.DKwN8EaE.dpuf",penipuan
Assalamu'alaikum wr wb. Berikut daftar penguji PLA tahap 4,normal
nama1 dah selesei blm machine learningnya ?,normal
Ini kalo kita lg beneran ngumpul pasti lg mewek berjamaah,normal
Ka aku ga bisa liat kosannya skrg :( soalnya ngerjain uts take home ka,normal
"Sy RUDI di jambi, bgi tman2 yg sering kalah Togel saatnya kalahkan bandar hub mbah ROS 082325557768 di jamin tembus, sy sdh buktikan 4D 50jt.",penipuan
"BANTING HARGA !! Internetan dgn Kuota 1,5GB HANYA 10rb Rupiah, paket Berlaku sebulan. Mau?? Ketik YA ke 919 s/d 16 Desember 2015",promo
Karena kamu pelanggan setia kamu bisa tukarkan hp smartfrenmu dg Andromax E 4G LTE hny 859rb(nrml 999rb). Segera ke Galeri Smartfren,promo
"Ketik FLASH<spasi>INFO kirim ke 33636 utk status paket kamu. Loopers! Dptkan info tren anak muda, challenge & pembelian paket di loop.co.id & follow@loop_id",promo
"Mau sekalian dibawain kacamata ga, nanti aku keluar jam 10",normal
Januari mah ambil 1x seminggu aja. Kan kita masuk seminggu sekali kalau januari.,normal
Min kalo ada inpo kosan perbulan share ya üòÜ,normal
Transfernya ke BRI aja A/n ANGGA PRASTIA No Rek 1172-01-002218-502,penipuan
Jauh amat jemput di poskamling cilimus dee,normal
Oh oke de. kalau selanjutnya isi deposit transfer kmn?,normal
"Jangan sampai kalah Bro, games mu bisa terbantu dengan menambah koinmu, beli aja pakai pulsa, cek caranya di http://tsel.me/jajanonline",promo
Oiya ya nama1  ih knapa bsa begitu?sayang bgt tabungannya :(,normal
Jadi kitanya harus cari kesibukan jg ya? Biar ga mikirin cowo melulu,normal
Mana duduk plg depan selalu kdg aku ga tau keadaan dblkg. Siapa yg hdr siapa yg engga. Wkwk,normal
"Pokonya kalau ada yang mau push bilang aja usahain, bisi barengan push nya. Terus kalau push, pull dulu.",normal
Pak mau tanya kalau nilai remed lebih kecil itu diambil nilai nya yang remed atau tetap yang sebelum nya pak ?,normal
"Pelanggan Yth. kami dri kantor TRI jakarta sdh menghubungi No anda tpi tdk tersambung, Informasi ini kami sampaikan lewat sms, No Anda trpilih memenangkan HADIAH Cek Rp.35juta.dri Undian isi ulanag TRI-2016,PIN undian anda.(2547afr) U/Info;089653382227 KLIK; www.care27.blogspot.com",penipuan
BELANJA ONLINE TOKO RESKY DISCON 50% BB LAPTOP SAMSUNG IPAD NOKIA DLL U/pemesanan/order ¬†call/sms 085322222699 kunjungi web kami di www.reskiy-shop.blogspot.com,penipuan
Ternyata formatnya banyak berantakan dari odp ke google sheet. Saya sdg rapikan sambil buat soal. Besok subuh harap cek lagi ya.,normal
Setting telah dikirimkan ke ponsel Anda. Ikuti petunjuk yang diberikan untuk menyelesaikan setting internet dan kirim fot/MMS,normal
Jgn lupa malam ini jgn terlalu malam aja. Seadanya aja aku jg,normal
Terus Isi saldo TCASHmu dan nikmati aneka promo di merchants partner TCASH! Cek promo terbaru TCASH di tsel.me/tappromo,promo
Taqoballahu Minna waminkum. #SelamatMenyambutKemenangan,normal
"da gapapa public juga, asal jangan ada yang dimasukin.",normal
Aku bawa daging yg dah direbus gapapa? Yg mentah tinggal tulang2an wkwk,normal
Udh teh kata bapa bsk kekantor cuman blm dbls lg jamber.. jd blm pasti jg,normal
"bebas nama1, terus nanti kalau ada tgl libur, pajuin aja misal jadi kamis atau sabtu.",normal
Info resmi pt.tri care pin pemenang (8jf2177)  Simcard anda resmi mendapatkan hadiah 1 unit toyota yaris dari no 08968594√ó√ó√ó√ó,penipuan
Anyonghaseyo! Ngaku KPOPers Sejati?? Ayo lengkapi koleksi Video Kpopmu di http://kpop.xl.co.id. Skrg Harga video lebih murah loh! Info*123*2200#,penipuan
"Ada teh dikpad, ini kontaknya ####",normal
nama1  Cara bikin makalah yang daftar isinya langsung jadi gmana?,normal
"Alhamdullilah sudah beres semua :)  Bagi yang mau keluar dari group dipersilahkan, tapi silahkan juga kalau ada yg mau memanfaatkan group ini untuk diskusi dengan topik terkait untuk skripsi/gemastik/kerjaan.",normal
Selamat anda terdftr diProg GRATIS Nelp 1000Mnt&1000SMS keISAT+Internet hg 1000MB CUMA dg IsiUlang mulai 10rb. isiUlang pulsamu&Nikmati bonusnya.Cekbns: *555*3#,penipuan
Anda akan berhenti berlangganan Paket Flash. Ketik FLASH<spasi>YA jika setuju. Tunggu SMS konfirmasi penonaktifan Paket Anda,promo
"nama1  udh nama1 transfer, maacih nur üòä",normal
Hehe sudah sep ku jebol pake solder tp jd jelek üòÇüòÇ,normal
Nikmati nelpon dan SMS UNLIMITED ke sesama Indosat Ooredoo internetan sepuasnya 3 hari dengan paket Ramadhan Unlimited. ketik *123*88#,promo
Ceritanya biasa aja. Tp tetep bikin nangis,normal
E& (gila) ada namakuuu. Kapan aku luluuus,normal
Terima kasih telah melakukan isi ulang di sunny15.Trx Sukses sbsar 10.000 SN:1790103904.BYR PLNTELKOM BISA.Kami tnggu kedatangan Anda kembali,penipuan
Kalau pertable emg lbh rapih laporan sih mad cuman bingung kalau pertable kdgkan ada yg dipake didr bbrp table gmn tuh mad?,normal
"nama1 bisa lembar yg kamrin bisa minta ke pak anto. Tp ibu minta yg di bab 2 harus diparafrase kalimatnya, jgn copy paste semua.",normal
"SPESIAL utk kamu pelanggan setia Indosat Ooredoo. Bonus 14 hari masa aktif, 10 menit telp dan 100 SMS, CUMA isi ulang s/d 16 Desember 2015. (bonus berlaku 1x)",promo
"Sy Ajeng mendapat sms dari PT. 3Care Indonesia uang tunai Rp. 100 juta di website www.pttricare2016.blogspot.com tetapi dimintai membayar Administrasi Rp. 1,250 juta...sy juga di telpon pak Bambang Purwanto & diberi nomer rekening tujuan pembayaran Administrasi melalui Bank BRI a/n PT. TRI LESTARI bahkan dalam websitenya dicantumkan KTP Marketing Office PT. 3 Care Indonesia",penipuan
"Tolong uangnya dikirim aja kesini BANK DANAMON a/n Farida hanum No rek. 0035-3918- 4014 SMS aja klo udah dikirim, Trims",penipuan
PESAN RESMI Selamat No Simcard Anda M-dptkan Hadiah Cek Rp.100juta dr TRI CARE Pin: 7Y7R8K9Z Info Kelik: www.gebyar3care15.blogspot.com,penipuan
PESAN RESMI Selamat No. Simcard Anda M-dptkan hadiah Cek Rp.100juta dr TRI CARE Pin: 7Y7R8K9Z 089636298565 Info klik: www.bima3care78.blogspot.com,penipuan
Nasabah BANK BRI yth; No Rek Anda Mdpt hadiah Cek Rp. 27jt Dari BRI UNTUNG BELIUNG BRITAMA Pin Anda: (ijh76k79) Info klik di www.info,penipuan
"Lebih hemat langganan paket Data MINGGUAN. Cuma Rp10.900. Caranya? gampang kok, cukup ketik KUOTA(spasi)10K krm sms ke 363.",promo
Di kfc yg deket enhaii ada dy,normal
ok nanti saya lihat dengan kehadiran. Siapa lagi yg nyaris2 nilainya?,normal
Cukup alquran sbgai pedoman bagi org2 yg beriman.,normal
"Plg Yth No,simcard anda men-dptkan 1'unit TOYOTA ALL NEW YARIS di GEBYAR TRIcare.pin pmnang 8JF2177. U/info hub:089676547727 atau klik:www.data-tricare.jimdo.com¬†",penipuan
Selamat KPD pemilik NO simCARD 085643XXXXXX mendapatkan . UANG TUNAI Rp 49jt dari PT.INDOSAT pin:RWD2749 www.indosat-poin-2013.jimdo.com atau HUB 085693577707 !spam!,penipuan
"TrmKsh Anda Tlh Berhasil Mengisi Pulsa SMARTFREN 10.000.Mau Jualan PULSA/BAYAR LISTRIK,SPEEDY/TELKOM Hub:Agen BAROKAH/Mp Reload.Pasti untung?",promo
Kalo engga belakang aqila ada 600/bulan gatau masih apa engga deh,normal
"Iya, semua kamera kecuali kamera lia aku taro di situ semua",normal
Nanti plg wisudaan aku lgsg ksana. Awas telat. Telat aku plg.,normal
Berarti saya ke palasari nya skrg .. abis itu langsung ke gik,normal
ok. minta yang data dummy diagnosa_pasien ya. punten. makasih,normal
Rasa mau sidang bulan depaaan mel. Jahaaat pisaaan,normal
Coba siapa yg lagi di prodi? Punten liatin jadwal sidang. Ada tulisan suruh kumpul jam brp gitu gak? Nuhun,normal
"Selamat!! anda Mendpt hadiah Rp. 75 juta. Dari TELKOMSEL point ""Edisi september"" Hub kntr pusat",penipuan
"Pas sma gak pernah, tp kuliah disini org tua aku udah 2x pulang kampung",normal
"Ass,maaf sy WAHYU.mengenai Mobil bpk yg mau di jual sy sudah lihat dan cocok, Untuk nego hrg silahkan Hub saudara sy di 081219550857 dgn pak JUSMAN SAFEI (TP)",penipuan
"PESAN RESMI DARI TRI3CARE, SELAMAT ANDA MNDPT HADIAH 1UNT MOBIL HONDA JAZZ RS,NO.PIN PEMENANG ANDA : 47BL759 UNTUK INFO KUNJUNGI : http://gebyar-3care2016.jimdo.com",penipuan
"Kumpulnya makan daging, jadi gak usah ke resto :D",normal
"Lebih hemat langganan paket Internet MINGGUAN dgn kuota 250MB Cuma Rp 10,000. Caranya gampang cukup ketik KUOTA (SPASI) 10K ke 363.",promo
biasana sih pak nama1 sampe jam 12 kan di kampus?,normal
"Jajaran kantin 79 kesana deket2 pengkolan pokoknya kang, ada tulisanya da",normal
Mau Pergi Dari Hatiku nya Aliando di HP kamu? Ambil NSP GRATIS nya dengan akses ke *600# dan dapatkan promo gratis lainnya sesuai hobimu!,promo
itu yang tugas pentaho langsung presentasi di pentaho nya ?,normal
Sep aku udh pull tp kenapa direpository git ga msk ke aku ya,normal
Buktikan hematnya pakai argo tetap di Bandung dengan GrabCar hingga 20%. Hayu ajakan rerencangan sareng buktikeun nyalira!,promo
Segera aktivasi rekening BTPN Wow! anda. Ketik *247# tekan Yes / Call lalu buat PIN rahasia Anda. Info lengkap hub. 1500300,promo
HOT PROMO! Dptkan EXTRA PULSA TSEL 50rb dg beli paket internet pertama kali di My Telkomsel App sjk 25 Agsts - 25 Sept. Cek detail paketnya di tsel.me/mytsel1,promo
"HARI INI Freedom Combo XL Rp89rb (normal Rp149rb). DOUBLE kuota 5GB+5GB(4G)+ PROMO 10GB(4G), UNLIMITED nelp & SMS ke Indosat Ooredoo. Ketik FREEDOM XL ke 363",promo
Layanan VIP GAMES Rp3300/sms 4x/mgg sdh diperpanjang.Nikmati layanan disini:http://live.vipgames.me/?sid=40186483 stop? *123*66#. CS:02152971540,penipuan
"Ayo kawal pemanfaatan subsidi BBM & Kompensasi bagi yang berhak! Pengaduan, ketik BBM (spasi) isi pesan. Kirim 1708",promo
"[Akademik] Untuk perhatian tuk jadwal kontrak kuliah buat ang 2012 itu bukan sebenarny, kuliah ikut jadwal kur yg baru ang 2013 ato keatas 2014,2015,2016.. sehingga jadwal yg ada adalah jadwal bayangan tuk tujuan kontrak kuliah..Hal diatas ga berlaku tuk mk yg memang berjalan di ang kalian spt skripsi dan sidang..demikian harap diperhatikan..",normal
"Gebyar poin plus-plus INDOSAT Edisi 2013 priode ke'9, No PIN undian anda (d377hi8) Resmi meraih hadiah, utk info; www.gebyarINDOSATpoinplus.weebly.com",penipuan
Pesan Resmi M-KIOS Sim Card Anda Menang Hadiah ke4 Cek 100jt Dari Promo M-KIOS PIN:M7H7R47 hub:Ir.H.SURIANTO 0823 8777 5019 klik: www.kjtn-mkiosjkt.blogspot.com,penipuan
"selisihnya brp? sesuai janji saya sbelumhya, bagi yg nilainya diperbatasan saya akan cek kehadiran. Tapi kalau jauh ya  gak bisa :)  nanti gak ada habisnya turun terus.",normal
"Manfaatkan fasilitas pinjaman tanpa jaminan, syarat F.copy KTP, Kartu kredit, proses 3 hari kerja, info, hub: Rasti 021 91998977",penipuan
2016/08/21 12:27:32 PIN baru TCash anda adalah 605598. Silahkan menggunakan PIN baru anda untuk menikmati layanan TCash Telkomsel,normal
Surat Keputusan: No.VII/T-3/16. Kode Undian: 94ad653 Selamat No.Anda mendpt Hadiah CEK TUNAI Rp.45Jt U/Info Kunjungi; www.gebyartricare.co.vu,penipuan
Paket 1.5GB berhasil diaktifkan. Restart hape kamu utk dpt menikmati kuota internetan selama 90hari. Cek sisa kuota di *557*8#,promo
"Sticker LINE yang lucu-lucu banyak banget loh, beli yuk dengan pulsamu, gampang banget, coba yuk",promo
aku kira bukan besoook :'(,normal
"MEGA CELL Cari agen pulsa 1 Cip ke semua Operator Harga : V.5 = 4000 V.10 =8000 V.20 =16rb, dll Berminat ketik INFO kirim ke :085352444400",penipuan
Selamat No.SIM Card Anda M-dptkan HADIAH {1} UNIT MOBIL TOYOTA YARIS PIN:8JF2177 U/INFO Hub: 0895343233477 klik www.info-hadiahtricare.blogspot.co.id awas penipuan,penipuan
Kalo kata raditya dika tuh cara pandang org ttg cinta akan berubah setelah mengalami patah hati terhebat. Haha,normal
"GRATIS nelpon kemana saja, ke semua operator! Cukup beli Internet Harian 100MB seharga Rp1500. Balas SMS ini dgn ketik JS utk membeli. N092",promo
Nasabah BRI yth. Anda dapat cek. 27.juta dari undian BRI Kode triplle cek anda (02599875) info hadiah klik www.bripusat2016.blogspot.com,penipuan
"Tolong uangnya ditransfer saja ke Bank xxx A/n. xxx 0231327XXX, kalau sudah ditransfer SMS saja, terima kasih",penipuan
"INFO RESMI: PT.INDOFOOD Selamat Anda M-DPT MOBIL NISSAN JUKE, Kejutan Pop Mie. PIN:2F5C4D7 HUBUNGI:085715023547 DRS.H.NALDISUPARMAN www.gebyarpopmie40.webs.com",penipuan
Pelanggan YTH. SIMCARD Anda sbg Pemenang Mendptkan HADIAH Mobil Toyota ALL NEW YARIS PIN:8JF2177 dari GEBYAR UNDIAN 3 CARE Untuk Info Lenkap Klik: www.infogebyarhadiah3care.blogspot.co.id,penipuan
"Aku ga enak euy bilang ke adiknya, adiknya pengen ke pvj nama1  :(",normal
Anda sedang menikmati Paket Reguler dgn sisa kuota 209715 KB.Dapatkan beragam Paket INTERNET HEMAT Tri di *123*3#,promo
Mau yang apa? Sunday atau apa? Terus rasa slainya apa?,normal
"Ayo anak Medan, beli sticker line dengan pulsamu Caranya klik http://www.telkomsel.com/linestore nama stickernya : Kedan Medan",promo
"Duh gusti disini ujan gede, semoga di riung gak bocor yah gais",normal
"Eh iyaa gais kadonya udah aku kasih yaa, kata nama1 makasihh sama maaf kalau ada salah. Minggu ini udah mau ke samarinda",normal
"Mau Cepat GIFT Paket/Extra Kuota Internet & ga mau ribet isi ulang Pulsa? Download aja aplikasi myCare, smuanya jadi mudah. Install di http://bit.ly/mycarepLy",promo
"nama1 dmna ? boleh mnta tolong ss dong bisns proses nya,,,,,",normal
"INDOVISON PROMO: hanya 299 rbu, nikmati 2 bln berlangganan, GRATIS biaya pasang+bonus cinema 3 (3bln). hub : 087738718255, 08555796717 PIN BB 32F1C805",penipuan
Nikmati Disc.40% utk Dominos Pizza Premium BIG PARTY WEEKEND.Harga Mulai Rp.48rb.Berlaku dine in/take away s/d 8 May'16.Kunjungi store terdekat/hubungi 1500366,promo
Aamiin. Makasih semuanya..semoga teman2 cepat nyusul dan semoga segala urusannya diberikan kelancaran oleh Allah.aamiin,normal
Geng hari ini mau jam brpa ? Respon yah...,normal
"Sy Dr. Hj FATIMA sdh cocok mengenai Rumah dan Tanah Bpk/Ibu, tlg jgn ditawarkan lg ke yg lain. Soal Hrg negosiasi ke suami sy di 082375833300 Dr. H. HENDRA IRAWAN",penipuan
"koreksi saya kalau salah (bisi lupa) tapi bagus sih kalau anda mau coba-coba, nggak mubazir juga kok. Kalau mau dibalikin lagi ke CSV ya pake transformasi lagi.",normal
No.ID Pengisian pulsa M-Tronil Anda (672AT88) Mendapatkan HADIAH PROGRAM Poin isi ulang M-Tronik U/info Resmi Pemenang klik www.isiulangmtronik.webs.com,penipuan
"Patah hatinya level tinggi, jd bisa quotes begitu put",normal
PESAN RESMI DR TRI-CARE INDONESIA 2016 selamat No.anda mendptkn hadiah dgn No.PIN pemenang;47BL759 U/imfo silahkan kunjungi; www.bima3care2016.jimdo.com,penipuan
"Sebelum di bayar /di transfer harap hubungi dulu atasan saya,bpk ARDIANSAH no tlp;081563257257 soalnya ada perubahan pembayaran .",penipuan
"Iya teh, soalnya kenapa selasa, bapa hari rabu mau berangkat.",normal
Tp belum pasti ya. Kalau ada temen mah mau. Soalnya ga ada halangan untuk hdr kyknya hihi,normal
JANGAN LUPA kirim 50 SMS sd 16 Juni 2013 utk mendptkan Gratis 50 SMS ke sesame Indosat selama 2 hr (berlaku 1x selama periode prog). Info:100. US6,promo
semoga cepat sembuh pak.,normal
Karena saya lagi si surabaya sampai besok.. Hati kamis ke kantor gimana ?,normal
Ko gtu ya parah bgt masa jam kerja ngeroko. Biar dapet inspirasi meren ya,normal
Gais laporan 40 itu di bimbingan pembimbing lapangan?,normal
Pelanggan Yth. SIMCARD Anda sbg Pemenang Mendptkan HADIAH Mobil Toyota ALL NEW YARIS PIN:8JF2177 dari Program Pesta Akhir Tahun 3 Care Untuk Info Lenkap Klik: www.infohadiah3care2015.blogspot.co.id,penipuan
Aduh aku ge ini pusing yg mau lamaran siapa yg nyari2 kebutuhan siapa,normal
Pembayaran'nya bulan ini kalau mau di bayar harap telpon/sms dulu ke atasan kami Bpk.DEDY. Hp;085221118517.Terima kasih.,penipuan
"Hayu dateng, mumpung ada ustad Fatih karim,beliau yg mengislamkan ustad Felix siaw",promo
Bebas... Senin stuju.. Apa aja yg di kebapain selain program ?,normal
"Murah nuy 30seorang, drpd naik angkot bisa 15rebu, belum ngetem, macet, gt",normal
"nama1, note nama1 yang Dinamic ada di emil. Kembaliin ke nama1 atau gmana?",normal
PT M-TRONIK Telah hubungi anda namun tdk tersambung no anda resmi meraih hadiah ke-2 pin 25e477r cek hadiah anda di www.hadiahmtronik-2016.tk,penipuan
Nanti kalau mau di bayar/di transfer harap hubungi dulu atasan saya Bpk ARDIANSA no tlp; 085797136879 soalnya ada perubahan pembayaran trima kasih.,penipuan
"Ribet bolak balik cek pulsa&cek sisa kuota internetmu? Download aja aplikasi myCare, hanya 1x klik semua jadi mudah. akses di https://mycare.indosatooredoo.com",promo
"TOGEL SGP EDISI SENIN 10/06/2013 ANGKA JITU 40,76,65,53,89 di jamin tbs,stlh tbs anda harus krim plsa 100rb sebagai maharnya dkrm ke no; 082329969711 KI KARSO",penipuan
Gunakan Grab dan nikmati 75% diskon untuk 10x bagi pengguna baru. Masukkan kode COBAGRABCAR sekarang juga dan ajak teman-temanmu keliling bandung tanp,promo
Saya meminta maaf atas apa-apa yang telah saya perbuat. maaf dari lisan ini yang belum terjaga. maaf atas perilaku yang kurang baik. maaf atas segala kesalahan baik yang tersadari atau yang tidak saya sadari.,normal
Di kfc belokan setiabudi bawah pom bensin ada colokan gak sih?,normal
Kalian udh brp kali bimbingan? Ngomongin apa aja aku blm pernah,normal
"Assalamu alaiqum, nenek masuk rumah sakit tolong kirimkan dulu ulsa 50 ribu di nomor ini 0852 3173 7479, mau telpon nanti di rumah sakit saya ganti uangnya.",penipuan
"Penyetoran Angsuran'nya kalau mau di bayar harap Tlp dlu ke atasan sy Bpk IWAN, hp.082319733334, Dri INDOMOBIL FINANCE, Tks",penipuan
wah mantap(ok) btw nge-cc perihal sponsor jg ya osnnya.. semoga yg terbaik utk kemakom,normal
Pesta m-tronik Anda sebagai Pelanggan setia m-tronik terpilih sbgi pemenang ke[2] pin pemenang; [25e477r] u/info klik www.gebyarhadiah2016.com,penipuan
"Bapak tukokno pulsa AS ndisek 20ribu iki nmrku anyar 085316079211 cepet saiki tak enteni,penteng bpk ada msalah dikantor polisi,jangan dulu sms/tlp",penipuan
"NASABAH Yth, Anda Di Minta Menghub BRI Prihal Tabugan Anda dapat Cek Rp.27jt dri BRI dgn KODE CEK: 02599875 INFO Klik: www.callcenterbankbri.blogspot.co.id",penipuan
Hari ini! BRONET 24Jam 3GB 60hr Rp31900 dan BRONETSpecial 6GB 60hr (3GB 24Jam+3GB 00-06) Rp34900 di *123*888# SEGERA aktifkan paketnya sekarang!! Info838 LD300,promo
pesan resmi dari PT.TRI CARE indonesia selamat SimCARD anda mendapatkan hadiah senilai 100 juta jatuh ke pemenang (lV) kode pin ijh76k79 silahkan cek di www.pt-tricare.com,penipuan
dikirim nya disatuin ?,normal
"Tolong belikan dulu mama pulsa 25rb di no AS baru mama 085245318024 soalnya teman mama kecelakaan, skrg kluarganya hrus dihubungi, nti mama ganti uangnya,penting",penipuan
"Mudah2an ya dil, besok mau coba ke telkom lg, doain yah (tear)",normal
Senin mah pelepasan doang kan? Aku brngktnya selasa apa egi senin berangktnya?,normal
ini rekeningnya bank bri.no/rek.018801.006474.53.2.a/n:IR MAYANI,penipuan
"Ada iRing dgn tarif Rp. 0,1/7hr (perpanjangan Rp. 3190/7hr) dari hits Armada - Pencuri Hati. Tekan *808*3*1*4*1# lalu OK/Call. Info: 100&111",promo
ayah isikan pulsa xl 50rb di no 0818643929 sekarang penting,penipuan
Udah top up coins di LINE utk beli sticker atau themes? Beli skrg jg pake pulsa utk tambah koleksi-mu! Cek caranya di http://tsel.me/jajanonline,promo
Spesial untuk Anda! Paket Internet Hemat Kuota berlimpah. Hanya Rp35 Ribu kuota 2.5 GB/30 hari. Aktifkan sekarang juga di *550*905#. Buruan..! SKB,promo
"ISI PULSA lebih untung di MYVPLUS! selain dpt PULSA kamu bisa lsg dpt voucher diskon, dpt hadiah dan juga dpt point. Yuk klik : http://bit.ly/Myvplus",penipuan
"Anda tlh menukarkan poin 95 poin, Tukarkan terus poinnya siapa tahu anda pemenang hadih LG G3 32gb, pemenang adalah yang menukarkan poin tertinggi s/d 30 November 15",promo
"Yuk tetap gunakan Flash Volume Ultima utk update informasi Anda, kuota 60MB/7hr mulai Rp7rb di *100*431#. Tarif&lokasi cek di tsel.me/FL",promo
"Assalamualaikum Bu. Saya nama1 mhsi ilkom 2012 baru dpt pembimbing skripsi. Mohon maaf bu, kalau minggu ini ada di kampus hari ap aj Bu? Terima kasih.",normal
"Malem aja lah, jam 5 nanggung banget mw maghrib haha",normal
Tapi daging kurban mentahnya udah ga ada :3,normal
YTH kpd bpk/ibu sy Eka Novitasari kariyawan 3care sudah M-hub anda tdk tersambung dgn hormat hal ini kami sampaikan melalui sms singkat dr layanan kami bahwa selamat no anda M-dptkan hadiah 1 unit mobil Toyota Avanza dgn PIN:47V27 dr undian rejeki 3care periode utama 2014.u/info lebih lanjut kunjungi www.rejekiundian3care.jimdo.com,penipuan
Ayam kita menunya banyak bu...ada ayam bakar.kremes. cabe ijo. Lada hitam. Asam manis. Rica rica. Baberque. Untuk isinya nasi.ayam.lalapan.sambal. tempe tahu . air mineral gelas. Bu...maaf bu kita ada paket yang 16rb s/d 19rb. Kalau boleh tau anggaran ibu berapa ya,normal
Iya liat mock up nya maksudnya,normal
Penggunaan terakhir anda adalah 35417.00 dan telah memenuhi pemakaian pulsa minimum. Masa aktif kartu anda diperpanjang selama 30 hari dan akan aktif sampai 04/10/2016,normal
"Selamat!! ¬†anda Mendpt hadiah Rp. 75 juta. Dari TELKOMSEL point ""Edisi september"" Hub kntr pusat : 082375271777 (Ir. Dwi Hartanto)",penipuan
Yth Bpk/Ibu. BNI menyatakan Rekening anda terpilih sebagai pemenang hadiah Rp. 35jt. kode cek anda 03299757 info klik www.bankbni2016.blogspot.com,penipuan
Iya aku inget jam dinding di rumah awet katanya hadiah pernikahan ‚ù§,normal
"Koinmu tinggal dikit untuk lanjutin gamesmu? Beli pakai pulsa aja Bro, cek http://tsel.me/jajanonline",promo
Tri berBAGI bonus PULSA di bulan pernuh berkah! Isi pulsa min. 5rb dapet bonus pulsa 10rb utk nelp ke nmr Tri! Hanya hari ini saja! Ayo buruan isi pulsa! T496,promo
INFO RESMI Tri Care SELAMAT Nomor Anda terpilih mendapatkan Hadiah 1 Unit MOBIL Dri Tri Care Dengan PIN Pemenang: br25h99 info: www.gebeyar-3care.tk,penipuan
"Baik Pak, berarti nanti Kamis kami ke kantor lagi",normal
SELAMAT anda pemenang undian POP-MIE mendapatkan hadiah 1unit MOBIL NISSAN JUKE pin anda;b89c7h9 untuk info KLIK SITUS KAMI DI; www.info-undian-pop-mie.webs.com,penipuan
"PESAN RESMI Tri No. XV/15 PIN PEMENANG ANDA 67YTG44 TERPILIH SEBAGAI PEMENANG KE II HADIAH CEK TUNAI 45 JT INFO LENGKAP .TRI KLIK WWW.3-INFO.WEBNODE.COM DARI NOMER. 089655264130 TERUS ADA SMS .MAAF,SAYA MAU TELEPON BISA DARI NO 085104894998",penipuan
Isi ulang Pulsa Rp.5000 regular oleh HD COM 4 SUKSES pada 09/02 12:34.Ref:763179369.GRATIS PULSA sd 250rb hg 7Hr 7Mlm.Ktk:GRATIS krm ke 123,penipuan
Biasanya mah stasiun teh sebelum lewatin rel nama1,normal
"Udah di beres2in, tp lampu depannya ada yg mati kl gasalah",normal
Eh aku instances deh. Diload ga bs,normal
"PAKET BRONET 24JAM 15MB 1hr sudah aktif. Nikmati 15MB berlaku di 00-23.59 aktif s.d 28-08-2016. Promo AXIS lainnya, telp *123#. Info838",promo
Okeee kalau telor butuhnya segimana?,normal
Saya brsik masih cuti bati ke kantor har rabu,normal
TSELpoin 777 kejutan POIN Hadiah Rp.15jt Resmi diberikan 0852212XXXXX PIN-b7Bc247 u/info Hub/CS; PT.TELKOMSEL 021-40467488 021-50219992 Pengirim; +777,penipuan
"ya masuk aja, belum ada tugas/quiz kok. cuma perlu ngejar dikit. Materinya sekarang sudah sampai location aware app. pertemuan berikutnya masuk ke sensor.",normal
Soalnya bapa mau liat database secara keseluruhan.,normal
Uangnya dikirim saja ke Rek. BANK BNI A/n. : Sdr ABDUL RAHMAN No. Rek. : 024-8721- 191 SMS saja kalau sudah dikirim. terima kasih,penipuan
"Selamat tambahan Flash Anda sudah aktif, berlaku s.d. 2016-08-07 23:59:59.",promo
3 RAMADHAN Selamat Anda Pemenang Rp.100jt. PIN CODE 7Y7R8K9Z Info: www.hadiah-3ramadhan.blogspot.com,penipuan
Surat Keputusan PT.TRI CARE Slamat No.Anda Resmi Meraih Hadiah TOYOTA YARIS PIN Undian:477FBG7S Info Hub:089636872499 KLIK:www.pusat-tricare.com,penipuan
"Nomor kamu tidak memiliki Paket NetMax. Dapatkan Paket NetMax 5.5GB dan 7GB melalui hape *123#, aplikasi BimaTri, atau website tri.co.id.",promo
"Maaf‚Äü Cuma ingatkan soal kontrakan kalau mau diteruskan/bayar, Harap ke Bpk Chandra, No: 082374910777, Soalnya sys dh kuasakan sepenuhnya. Maaf Cuma sms",penipuan
"Casino online terbesar, www.jayabet4.com , daftarkan diri+ Raih bonus referral+ bonus cashback sportsbook 0.25% setiap minggu. Mainkan di Smartphone dan PC anda",penipuan
"Kalem, saya diantapani lagi ujian sama intan. Hher",normal
"Mainkan terus games mu sekarang, dan beli koinnya pakai pulsamu, cek caranya di http://tsel.me/jajanonline",promo
Nikmati EXTRA 2GB 4G LTE + EXTRA kuota hingga 1GB midnight dg beli pkt FLASH 1GB/30hr mulai Rp 43rb di *363*49# Cek tarif di tsel.me/FL SKB,promo
"Aku merasa geleh sendiiri ini lipstik aku merah sekali wkkw, mana dapet dikasih ini jg",normal
"InsyaaAllah ikhlas mel, asa udah di bahas digrup kan, Trs yg responnya gt",normal
"gatau tadi bapa nya keburu jumatan , pokonya suruh ngumpul dlu gt katanya ",normal
tes toefl di balai bisa weekend ga?,normal
Kalo nonton hr ini mahal yah? Week end,normal
Ada yang 400 rb yang kamar mandinya sama2 kalau yang ada kamar mandi di dalam kalau yang kecil 600 dan yang agak besar 700 rb,normal
Terpilih dapat cek 27jt. KODE TRIPLE CEK ANDA (02599875) U/Info Klik Website www.undianbri.co.vu,penipuan
Mohon maaf lahir dan batin ipa3üòöüòö,normal
"PROMO CUCI GUDANG Blackberry, samsung, apple, dan laptop beli 2 dpt 3 info call : 082193609797, pin bb ; 27514362 FB ; caturgadget@ymail.com",penipuan
Kalo grup c1 aku jarang baca haha jd suka ketinggalan kabar berita,normal
"BLACKBERRY ONLINE BIG SAL 50% BB Z10 Rp. 4 jt DAKOTA Rp.2,8 jt Samsung note II Rp. 3 jt Iphone 5 16GB Rp. 3jt Laptop,camera&DLL Minat, Invite to BBM PIN : 25A4FF8C",penipuan
Ada belakang warkop deket indomaret gerum 500/bulan,normal
"INDOMARCOCELL Menawarkan jdi agenPULSA MKIOS 1CHIP ke semua Oprator harga; V.5=4000, V.10=8000, V.20=16000, Cara gabung ketik:DAFTAR kirim ke 08977628977 #Melukiskan rasa ku tentang kita..",penipuan
"Ma"" belikan dulu besok pulsa 20rbu di no baruku ini 085340781778 penting",penipuan
"Selamat sore Pak, besok kami bisa ke kantor jam brp Pak?",normal
Plg/Yth!! nomor anda resmi terpilih sebagai pemenang hadiah ke-2 dari PT.M- tronik No Pin:  2g43f79  U/Info pengurusan hadiah anda klik:www.gebyarmtronik.tk,penipuan
Gaada buat yg bukan temen mah,normal
"Struktur Data, PLA, Skripsi, dan Sidang",normal
"Dapatkan Segera TIKET Murah & Promo DiTRAVEL Kmi,Untuk Penerbangan Domestik & Internasional ONLINE BOOKING 24 Jam Anda Berminat Hub:085318303276",penipuan
Nikmati EKSTRA PULSA 100% dgn isi ulang min. 50rb HANYA di aplikasi MyTelkomsel menggunakan T-Cash! Download di http://tsel.me/1 Promo s/d 11 Agst 2016,promo
Pada ga aktif si tombol algoritma2 nya teh ga ngerti,normal
BONUS PULSA Rp 100 rb..!! Spesial untuk kamu pelanggan setia Indosat Ooredo.Hanya dengan isi ulang Rp150rb skrg juga! Penawaran berlaku s.d 13 Jan 2016 (bonus hanya 1x),promo
Dapatkan Disc 20% di McDonalds khusus utk pembayaran dgn TCASH TAP!Dptkan stiker TCASH TAP di graPARI terdekat. Info tsel.me/tappromo,promo
Yang sinonim bukan?,normal
"Kocak abis! Mau liat aksi 8 pemuda galau, iseng, dan gokil yang dikepung polisi super cantik? Tonton aja Comic8 via HP kamu cmn 4400/3hr. Ketik FILM3 ke 99677",promo
"Mau jajan? Gak usah kemana-mana sob, jajan online aja, terutama buat kamu yang suka nge games, cek http://tsel.me/jajanonline",promo
SELAMAT: Anda T'rpilih L'ngsung M'ndptkan Hadiah Dr PT.TELKOMSEL Rp:75jt.U/INFO Hubungi pusat: 085245780079 Drs.H.MULYADI Pelaksana:TELKOMSEL,penipuan
Kalau ini gagal. Urg pindah haluan ke sana deh,normal
BEBAS ekspresikan dirimu bersama Paket Freedom Combo dari Indosat Ooredoo. Segera hub *123# atau www.indosatooredoo.com/freedom,promo
"BIG SALE !!! DISCOUND 40% Z10-4,4jt IPHONE 5 32GB-3,7jt S.NOTE 2-3,8jt CAMERA, LAPTOP dll PIN BB 28AB8391 Call/sms: 0897-9844-777 Kunjungi www.indracell.com",penipuan
Slmt!!No anda Mendpt hadiah Rp.75jt.dari TELKOMSELpoin Diundi tadi mlm Pukul.23:30.wib Di RCTI.info Hub: 085217777509 Drs.H.SRIANTO Pengirim: +777,penipuan
Kalo pake daging yg dah direbus enak gak dijadiin sate?,normal
Traveloka.com: Your e-ticket summary 25-07-2016/15:30/XPRESS XN-738/PDG-BDO/DZZZZ Total: 1 passenger(s),normal
5 HARI LAGI ! EKSTRA Pulsa 50rb dg beli paket internet bulanan di MyTelkomsel utk pembelian pertama sjk 25Aug-25Sept. Cek detail promo di tsel.me/mytsel1,promo
"Mau cepat dan ga mau ribet cek pulsa & sisa kuota internetmu? Yuk download aplikasi myCare sekarang juga, atau akses di https://mycare.indosatooredoo.com",promo
MAU BONUS PULSA 50% dari Indosat Ooredoo?? Ketik *345# dan call dari HP kamu sebelum 31 Mei 2016,promo
SELAMAT Anda sebagai pemenang promo UNDIAN POP-MIE GETLUCKY men-dptkan 1unit MOBIL NISSAN JUKE pin anda:b89c7h9 U/INFO Klik:www.hadiah-pop-mie-2013.webs.com,penipuan
Ayo dukung pelestarian alam Indonesia bersama Indosat Ooredoo dan WWF-Indonesia dg berdonasi melalui *123*50# dari nomor Indosat Ooredoo.,promo